"category","blockIndex","blockKey","title","startId","endId","startLine","endLine","featureCount"
"additional","1","additional-section-d-additional-features-f1790-f1790","## SECTION D: अतिरिक्त फीचर्स (ADDITIONAL FEATURES)","F1790","F1790","1969","1969","1"
"additional","2","additional-1-website-content-sections-f1791-f1801","### 1. वेबसाइट कंटेंट (Website Content Sections)","F1791","F1801","1971","1981","11"
"additional","3","additional-2-communication-features-f1802-f1809","### 2. कम्युनिकेशन (Communication Features)","F1802","F1809","1983","1990","8"
"additional","4","additional-3-analytics-tracking-f1810-f1817","### 3. एनालिटिक्स और ट्रैकिंग (Analytics & Tracking)","F1810","F1817","1992","1999","8"
"additional","5","additional-4-security-features-f1818-f1828","### 4. सिक्योरिटी (Security Features)","F1818","F1828","2001","2011","11"
"additional","6","additional-5-performance-optimization-f1829-f1838","### 5. परफॉर्मेंस (Performance Optimization)","F1829","F1838","2013","2023","10"
"additional","7","additional-additional-block-07-f1839-f1839","**********************************************************************************************************","F1839","F1839","2026","2026","1"
"admin","1","admin-section-c-admin-portal-f1520-f1520","## SECTION C: ADMIN PORTAL (एडमिन पोर्टल)","F1520","F1520","1663","1663","1"
"admin","2","admin-1-main-dashboard-f1521-f1531","### 1. डैशबोर्ड (Main Dashboard)","F1521","F1531","1665","1675","11"
"admin","3","admin-2-booking-management-f1532-f1542","### 2. बुकिंग मैनेजमेंट (Booking Management)","F1532","F1542","1677","1687","11"
"admin","4","admin-3-driver-management-f1543-f1556","### 3. ड्राइवर मैनेजमेंट (Driver Management)","F1543","F1556","1689","1702","14"
"admin","5","admin-4-customer-management-f1557-f1565","### 4. कस्टमर मैनेजमेंट (Customer Management)","F1557","F1565","1704","1712","9"
"admin","6","admin-5-payment-financial-management-f1566-f1588","### 5. पेमेंट और फाइनेंस (Payment & Financial Management)","F1566","F1588","1714","1736","23"
"admin","7","admin-6-ai-ai-auto-control-features-f1589-f1619","### 6. AI और ऑटो-कंट्रोल (AI & Auto-Control Features)","F1589","F1619","1738","1772","31"
"admin","8","admin-7-fraud-detection-prevention-f1620-f1628","### 7. फ्रॉड डिटेक्शन (Fraud Detection & Prevention)","F1620","F1628","1774","1782","9"
"admin","9","admin-8-safety-live-monitoring-f1629-f1650","### 8. सेफ्टी और मॉनिटरिंग (Safety & Live Monitoring)","F1629","F1650","1784","1808","22"
"admin","10","admin-9-content-management-system-f1651-f1672","### 9. कंटेंट मैनेजमेंट (Content Management System)","F1651","F1672","1810","1833","22"
"admin","11","admin-10-promo-code-management-f1673-f1683","### 10. प्रोमो कोड मैनेजमेंट (Promo Code Management)","F1673","F1683","1835","1845","11"
"admin","12","admin-11-vehicle-fare-settings-f1684-f1693","### 11. वाहन और किराया सेटिंग्स (Vehicle & Fare Settings)","F1684","F1693","1847","1856","10"
"admin","13","admin-12-reports-analytics-f1694-f1703","### 12. रिपोर्ट्स और एनालिटिक्स (Reports & Analytics)","F1694","F1703","1858","1867","10"
"admin","14","admin-13-support-ticket-management-f1704-f1712","### 13. सपोर्ट टिकट मैनेजमेंट (Support & Ticket Management)","F1704","F1712","1869","1877","9"
"admin","15","admin-14-settings-configuration-f1713-f1722","### 14. सेटिंग्स और कॉन्फ़िगरेशन (Settings & Configuration)","F1713","F1722","1879","1888","10"
"admin","16","admin-15-ai-ai-marketing-automation-f1723-f1736","### 15. AI मार्केटिंग ऑटोमेशन (AI Marketing Automation)","F1723","F1736","1890","1905","14"
"admin","17","admin-16-smart-route-optimization-f1737-f1747","### 16. स्मार्ट रूट ऑप्टिमाइजेशन (Smart Route Optimization)","F1737","F1747","1907","1918","11"
"admin","18","admin-17-inventory-asset-management-f1748-f1756","### 17. इन्वेंटरी और एसेट मैनेजमेंट (Inventory & Asset Management)","F1748","F1756","1920","1928","9"
"admin","19","admin-18-international-features-f1757-f1767","### 18. इंटरनेशनल फीचर्स (International Features)","F1757","F1767","1930","1941","11"
"admin","20","admin-19-driver-loyalty-retention-f1768-f1779","### 19. ड्राइवर रिटेंशन (Driver Loyalty & Retention)","F1768","F1779","1943","1955","12"
"admin","21","admin-20-compliance-legal-f1780-f1789","### 20. कंप्लायंस और लीगल (Compliance & Legal)","F1780","F1789","1957","1967","10"
"admin","22","admin-admin-portal-f1862-f1869","Admin portal","F1862","F1869","2055","2062","8"
"admin","23","admin-admin-block-23-f1870-f1870","***********************************","F1870","F1870","2065","2065","1"
"admin","24","admin-meri-website-ka-desh-board-ko-or-name-ko-india-k-f1871-f1871","meri website ka desh board ko or name ko india ke tirange  ke color me banao or ise is tarah se banao ki log adhik se adhik aakrshit ho","F1871","F1871","2068","2068","1"
"customer","1","customer-customer-portal-f0585-f0586","■■■ ■: CUSTOMER PORTAL","F0585","F0586","668","669","2"
"customer","2","customer-customer-block-02-f0587-f0607","■.■ ■■■■ ■■■■■■■■■■■ ■■ ■■■■■■■■ ■■■■■■","F0587","F0607","670","690","21"
"customer","3","customer-tourist-places-history-f0608-f0636","■.■ ■■■■ ■■ ■■■■■■ (Tourist Places & History)","F0608","F0636","692","720","29"
"customer","4","customer-complete-booking-system-f0637-f0678","■.■ ■■■■■■ ■■■■■■ (Complete Booking System)","F0637","F0678","723","764","42"
"customer","5","customer-fare-calculation-f0679-f0709","■.■ ■■■■■■ ■■■■ ■■ ■■■■■ ■■■■■■■■ (Fare Calculation)","F0679","F0709","767","797","31"
"customer","6","customer-complete-payment-system-f0710-f0758","■.■ ■■■■■■ ■■■■■■ (Complete Payment System)","F0710","F0758","800","848","49"
"customer","7","customer-ride-history-management-f0759-f0807","■.■ ■■■■ ■■■■■■■■ ■■ ■■■■■■■■■ (Ride History Management)","F0759","F0807","851","899","49"
"customer","8","customer-rating-review-system-f0808-f0838","■.■ ■■■■■■ ■■ ■■■■■■ ■■■■■■ (Rating & Review System)","F0808","F0838","902","932","31"
"customer","9","customer-safety-emergency-f0839-f0886","■.■ ■■■■■■■ ■■ ■■■■■■■■■ ■■■■■■■■ (Safety & Emergency)","F0839","F0886","935","982","48"
"customer","10","customer-tourism-local-services-f0887-f0954","■.■ ■■■■■■ ■■ ■■■■■■■ ■■■■■■■■ (Tourism & Local Services)","F0887","F0954","985","1052","68"
"customer","11","customer-promo-codes-discounts-f0955-f1023","■.■■ ■■■■■■ ■■■ ■■ ■■■ (Promo Codes & Discounts)","F0955","F1023","1056","1124","69"
"customer","12","customer-user-dashboard-f1024-f1096","■.■■ ■■■■ ■■■■■■■■ (User Dashboard)","F1024","F1096","1127","1199","73"
"customer","13","customer-notification-system-f1097-f1164","■.■■ ■■■■■■■■■■ ■■■■■■ (Notification System)","F1097","F1164","1202","1269","68"
"customer","14","customer-additional-customer-features-f1165-f1277","■.■■ ■■■■■■■■ ■■■■■■ ■■■■■■■■ (Additional Customer Features)","F1165","F1277","1272","1384","113"
"customer","15","customer-goindiaride-complete-features-list-f1278-f1278","# GOindiaRIDE - COMPLETE FEATURES LIST","F1278","F1278","1388","1388","1"
"customer","16","customer-features-f1279-f1280","## सभी Features की विस्तृत सूची","F1279","F1280","1389","1391","2"
"customer","17","customer-section-a-customer-portal-f1281-f1281","## SECTION A: CUSTOMER PORTAL (ग्राहक पोर्टल)","F1281","F1281","1393","1393","1"
"customer","18","customer-1-f1282-f1290","### 1. यूजर रजिस्ट्रेशन और ऑथेंटिकेशन","F1282","F1290","1395","1403","9"
"customer","19","customer-2-tourist-places-history-f1291-f1298","### 2. स्थल और इतिहास (Tourist Places & History)","F1291","F1298","1405","1412","8"
"customer","20","customer-3-booking-system-f1299-f1310","### 3. बुकिंग सिस्टम (Booking System)","F1299","F1310","1414","1425","12"
"customer","21","customer-4-fare-calculation-f1311-f1319","### 4. फेयर कैलकुलेशन (Fare Calculation)","F1311","F1319","1427","1435","9"
"customer","22","customer-5-payment-system-f1320-f1329","### 5. पेमेंट सिस्टम (Payment System)","F1320","F1329","1437","1446","10"
"customer","23","customer-6-ride-management-f1330-f1339","### 6. राइड हिस्ट्री और मैनेजमेंट (Ride Management)","F1330","F1339","1448","1457","10"
"customer","24","customer-7-rating-reviews-f1340-f1347","### 7. रेटिंग और रिव्यू (Rating & Reviews)","F1340","F1347","1459","1466","8"
"customer","25","customer-8-safety-support-features-f1348-f1356","### 8. सेफ्टी और सपोर्ट (Safety & Support Features)","F1348","F1356","1468","1476","9"
"customer","26","customer-9-tourism-features-f1357-f1365","### 9. पर्यटन सुविधाएं (Tourism Features)","F1357","F1365","1478","1486","9"
"customer","27","customer-10-promo-codes-offers-f1366-f1373","### 10. प्रोमो कोड और डिस्काउंट (Promo Codes & Offers)","F1366","F1373","1488","1495","8"
"customer","28","customer-11-user-dashboard-f1374-f1382","### 11. यूजर डैशबोर्ड (User Dashboard)","F1374","F1382","1497","1505","9"
"customer","29","customer-12-notifications-f1383-f1390","### 12. नोटिफिकेशन सिस्टम (Notifications)","F1383","F1390","1507","1514","8"
"customer","30","customer-13-additional-features-f1391-f1403","### 13. अतिरिक्त फीचर्स (Additional Features)","F1391","F1403","1516","1529","13"
"customer","31","customer-customer-portal-f1846-f1861","Customer portal","F1846","F1861","2038","2053","16"
"driver","1","driver-section-b-driver-portal-f1404-f1404","## SECTION B: DRIVER PORTAL (ड्राइवर पोर्टल)","F1404","F1404","1531","1531","1"
"driver","2","driver-1-driver-registration-f1405-f1410","### 1. ड्राइवर रजिस्ट्रेशन (Driver Registration)","F1405","F1410","1533","1538","6"
"driver","3","driver-2-vehicle-information-f1411-f1420","### 2. वाहन की जानकारी (Vehicle Information)","F1411","F1420","1540","1549","10"
"driver","4","driver-3-kyc-kyc-document-upload-f1421-f1431","### 3. KYC और डॉक्यूमेंट अपलोड (KYC & Document Upload)","F1421","F1431","1551","1561","11"
"driver","5","driver-4-security-deposit-f1432-f1437","### 4. सिक्योरिटी डिपॉजिट (Security Deposit)","F1432","F1437","1563","1568","6"
"driver","6","driver-5-verification-process-f1438-f1444","### 5. वेरिफिकेशन प्रोसेस (Verification Process)","F1438","F1444","1570","1576","7"
"driver","7","driver-6-booking-management-f1445-f1453","### 6. बुकिंग मैनेजमेंट (Booking Management)","F1445","F1453","1578","1586","9"
"driver","8","driver-7-pickup-drop-location-f1454-f1461","### 7. पिकअप और ड्रॉप लोकेशन (Pickup & Drop Location)","F1454","F1461","1588","1595","8"
"driver","9","driver-8-cancellation-penalty-f1462-f1467","### 8. कैंसलेशन और पेनल्टी (Cancellation & Penalty)","F1462","F1467","1597","1602","6"
"driver","10","driver-9-earnings-payment-f1468-f1479","### 9. अर्निंग्स और पेमेंट (Earnings & Payment)","F1468","F1479","1604","1615","12"
"driver","11","driver-10-rating-feedback-f1480-f1487","### 10. रेटिंग और फीडबैक (Rating & Feedback)","F1480","F1487","1617","1624","8"
"driver","12","driver-11-vehicle-maintenance-f1488-f1495","### 11. वाहन मेंटेनेंस ट्रैकिंग (Vehicle Maintenance)","F1488","F1495","1626","1633","8"
"driver","13","driver-12-document-expiry-alerts-f1496-f1502","### 12. डॉक्यूमेंट एक्सपायरी अलर्ट (Document Expiry Alerts)","F1496","F1502","1635","1641","7"
"driver","14","driver-13-driver-support-f1503-f1510","### 13. ड्राइवर सपोर्ट (Driver Support)","F1503","F1510","1643","1650","8"
"driver","15","driver-14-additional-features-f1511-f1519","### 14. अतिरिक्त फीचर्स (Additional Features)","F1511","F1519","1652","1661","9"
"driver","16","driver-driver-portel-f1840-f1845","Driver portel","F1840","F1845","2029","2034","6"
"security","1","security-final-result-f0001-f0011","FINAL RESULT","F0001","F0011","1","11","11"
"security","2","security-level-1-basic-backend-security-must-do-first-f0012-f0012","LEVEL 1 — BASIC BACKEND SECURITY (Must Do First)","F0012","F0012","13","13","1"
"security","3","security-1-password-hashing-f0013-f0016","1️⃣ Password Hashing","F0013","F0016","14","17","4"
"security","4","security-2-jwt-authentication-f0017-f0020","2️⃣ JWT Authentication","F0017","F0020","18","21","4"
"security","5","security-3-role-based-access-control-rbac-f0021-f0023","3️⃣ Role-Based Access Control (RBAC)","F0021","F0023","22","24","3"
"security","6","security-4-helmet-security-headers-f0024-f0027","4️⃣ Helmet (Security Headers)","F0024","F0027","25","28","4"
"security","7","security-5-rate-limiting-f0028-f0031","5️⃣ Rate Limiting","F0028","F0031","29","32","4"
"security","8","security-6-mongodb-injection-protection-f0032-f0033","6️⃣ MongoDB Injection Protection","F0032","F0033","33","34","2"
"security","9","security-7-xss-protection-f0034-f0035","7️⃣ XSS Protection","F0034","F0035","35","36","2"
"security","10","security-8-cors-strict-configuration-f0036-f0038","8️⃣ CORS Strict Configuration","F0036","F0038","37","39","3"
"security","11","security-9-environment-variables-f0039-f0044","9️⃣ Environment Variables","F0039","F0044","40","45","6"
"security","12","security-level-2-advanced-security-free-f0045-f0048","🔐 LEVEL 2 — ADVANCED SECURITY (FREE)","F0045","F0048","47","50","4"
"security","13","security-1-1-account-lock-system-f0049-f0050","1️⃣1️⃣ Account Lock System","F0049","F0050","51","52","2"
"security","14","security-1-2-suspicious-login-logging-f0051-f0056","1️⃣2️⃣ Suspicious Login Logging","F0051","F0056","53","58","6"
"security","15","security-1-3-device-fingerprinting-f0057-f0062","1️⃣3️⃣ Device Fingerprinting","F0057","F0062","59","64","6"
"security","16","security-1-4-geo-location-check-f0063-f0065","1️⃣4️⃣ Geo Location Check","F0063","F0065","65","67","3"
"security","17","security-1-5-risk-score-system-free-ai-logic-f0066-f0072","1️⃣5️⃣ Risk Score System (Free AI Logic)","F0066","F0072","68","74","7"
"security","18","security-level-3-ai-style-protection-free-f0073-f0073","🤖 LEVEL 3 — AI STYLE PROTECTION (FREE)","F0073","F0073","76","76","1"
"security","19","security-1-6-anomaly-detection-logic-f0074-f0079","1️⃣6️⃣ Anomaly Detection Logic","F0074","F0079","77","82","6"
"security","20","security-1-7-pattern-based-fraud-detection-f0080-f0085","1️⃣7️⃣ Pattern Based Fraud Detection","F0080","F0085","83","88","6"
"security","21","security-1-8-automated-temporary-ban-system-f0086-f0087","1️⃣8️⃣ Automated Temporary Ban System","F0086","F0087","89","90","2"
"security","22","security-level-4-network-security-free-f0088-f0088","🌐 LEVEL 4 — NETWORK SECURITY (FREE)","F0088","F0088","93","93","1"
"security","23","security-1-9-cloudflare-free-plan-f0089-f0093","1️⃣9️⃣ Cloudflare (Free Plan)","F0089","F0093","94","98","5"
"security","24","security-2-0-https-only-mode-f0094-f0097","2️⃣0️⃣ HTTPS Only Mode","F0094","F0097","99","102","4"
"security","25","security-2-1-admin-2fa-f0098-f0100","2️⃣1️⃣ Admin 2FA","F0098","F0100","103","105","3"
"security","26","security-2-2-admin-ip-restriction-f0101-f0102","2️⃣2️⃣ Admin IP Restriction","F0101","F0102","106","107","2"
"security","27","security-2-3-admin-login-logs-f0103-f0104","2️⃣3️⃣ Admin Login Logs","F0103","F0104","108","109","2"
"security","28","security-level-6-database-security-f0105-f0105","📊 LEVEL 6 — DATABASE SECURITY","F0105","F0105","111","111","1"
"security","29","security-2-4-mongodb-indexing-f0106-f0108","2️⃣4️⃣ MongoDB Indexing","F0106","F0108","112","114","3"
"security","30","security-2-5-backup-enable-f0109-f0110","2️⃣5️⃣ Backup Enable","F0109","F0110","115","116","2"
"security","31","security-2-6-field-validation-f0111-f0112","2️⃣6️⃣ Field Validation","F0111","F0112","117","118","2"
"security","32","security-level-7-production-hardening-f0113-f0113","🚀 LEVEL 7 — PRODUCTION HARDENING","F0113","F0113","120","120","1"
"security","33","security-2-7-remove-console-log-f0114-f0114","2️⃣7️⃣ Remove console.log","F0114","F0114","121","121","1"
"security","34","security-2-8-disable-detailed-error-messages-f0115-f0115","2️⃣8️⃣ Disable detailed error messages","F0115","F0115","122","122","1"
"security","35","security-2-9-use-pm2-for-auto-restart-f0116-f0116","2️⃣9️⃣ Use PM2 for auto restart","F0116","F0116","123","123","1"
"security","36","security-3-0-set-proper-http-status-codes-f0117-f0130","3️⃣0️⃣ Set Proper HTTP Status Codes","F0117","F0130","124","137","14"
"security","37","security-level-8-real-ai-behavior-analysis-free-logic-bas-f0131-f0131","LEVEL 8 — REAL AI BEHAVIOR ANALYSIS (FREE LOGIC BASED AI)","F0131","F0131","140","140","1"
"security","38","security-1-user-behavior-tracking-engine-f0132-f0143","1️⃣ User Behavior Tracking Engine","F0132","F0143","141","152","12"
"security","39","security-2-behavioral-fingerprinting-f0144-f0150","2️⃣ Behavioral Fingerprinting","F0144","F0150","153","159","7"
"security","40","security-3-continuous-authentication-f0151-f0157","3️⃣ Continuous Authentication","F0151","F0157","160","166","7"
"security","41","security-4-ai-risk-engine-custom-logic-f0158-f0160","4️⃣ AI Risk Engine (Custom Logic)","F0158","F0160","167","169","3"
"security","42","security-riskscore-f0161-f0172","riskScore","F0161","F0172","171","182","12"
"security","43","security-level-9-fraud-detection-system-f0173-f0173","🧠 LEVEL 9 — FRAUD DETECTION SYSTEM","F0173","F0173","185","185","1"
"security","44","security-5-fake-ride-detection-f0174-f0178","5️⃣ Fake Ride Detection","F0174","F0178","186","190","5"
"security","45","security-6-payment-pattern-ai-f0179-f0183","6️⃣ Payment Pattern AI","F0179","F0183","191","195","5"
"security","46","security-7-promo-abuse-detection-f0184-f0187","7️⃣ Promo Abuse Detection","F0184","F0187","196","199","4"
"security","47","security-level-10-device-network-intelligence-f0188-f0188","🛰 LEVEL 10 — DEVICE & NETWORK INTELLIGENCE","F0188","F0188","202","202","1"
"security","48","security-8-device-trust-score-f0189-f0193","8️⃣ Device Trust Score","F0189","F0193","203","207","5"
"security","49","security-9-proxy-vpn-detection-basic-free-f0194-f0203","9️⃣ Proxy / VPN Detection (Basic Free)","F0194","F0203","208","217","10"
"security","50","security-level-11-advanced-attack-prevention-f0204-f0204","🛡 LEVEL 11 — ADVANCED ATTACK PREVENTION","F0204","F0204","219","219","1"
"security","51","security-1-1-csrf-protection-f0205-f0207","1️⃣1️⃣ CSRF Protection","F0205","F0207","220","222","3"
"security","52","security-1-2-api-signature-verification-f0208-f0212","1️⃣2️⃣ API Signature Verification","F0208","F0212","223","227","5"
"security","53","security-1-3-replay-attack-protection-f0213-f0215","1️⃣3️⃣ Replay Attack Protection","F0213","F0215","228","230","3"
"security","54","security-1-4-data-tampering-detection-f0216-f0220","1️⃣4️⃣ Data Tampering Detection","F0216","F0220","231","235","5"
"security","55","security-level-12-real-time-security-monitoring-f0221-f0221","📡 LEVEL 12 — REAL TIME SECURITY MONITORING","F0221","F0221","237","237","1"
"security","56","security-1-5-security-event-collection-f0222-f0224","1️⃣5️⃣ Security Event Collection","F0222","F0224","238","240","3"
"security","57","security-securitylogs-f0225-f0231","securityLogs","F0225","F0231","242","248","7"
"security","58","security-1-6-admin-security-dashboard-f0232-f0236","1️⃣6️⃣ Admin Security Dashboard","F0232","F0236","249","253","5"
"security","59","security-1-7-alert-system-f0237-f0241","1️⃣7️⃣ Alert System","F0237","F0241","254","258","5"
"security","60","security-level-13-production-hardcore-mode-f0242-f0242","🔥 LEVEL 13 — PRODUCTION HARDCORE MODE","F0242","F0242","260","260","1"
"security","61","security-1-8-secure-cookies-f0243-f0246","1️⃣8️⃣ Secure Cookies","F0243","F0246","261","264","4"
"security","62","security-1-9-database-query-rate-monitor-f0247-f0250","1️⃣9️⃣ Database Query Rate Monitor","F0247","F0250","265","268","4"
"security","63","security-2-0-smart-lockdown-mode-f0251-f0258","2️⃣0️⃣ Smart Lockdown Mode","F0251","F0258","269","276","8"
"security","64","security-level-14-future-ai-extension-ready-f0259-f0275","🚀 LEVEL 14 — FUTURE AI EXTENSION (जब ready हो)","F0259","F0275","278","294","17"
"security","65","security-1-ai-risk-engine-implement-f0276-f0276","1️⃣ AI Risk Engine implement करें","F0276","F0276","297","297","1"
"security","66","security-2-device-fingerprinting-system-f0277-f0277","2️⃣ Device fingerprinting system बनाएं","F0277","F0277","298","298","1"
"security","67","security-3-complete-security-architecture-diagram-f0278-f0278","3️⃣ Complete security architecture diagram दूँ","F0278","F0278","299","299","1"
"security","68","security-4-fraud-detection-system-code-f0279-f0279","4️⃣ Fraud detection system code शुरू करें","F0279","F0279","300","300","1"
"security","69","security-level-15-global-security-foundation-f0280-f0280","🌍 LEVEL 15 — GLOBAL SECURITY FOUNDATION","F0280","F0280","303","303","1"
"security","70","security-1-https-everywhere-f0281-f0285","1️⃣ HTTPS Everywhere","F0281","F0285","304","308","5"
"security","71","security-2-global-cdn-ddos-protection-f0286-f0294","2️⃣ Global CDN + DDoS Protection","F0286","F0294","309","317","9"
"security","72","security-3-waf-rules-f0295-f0300","3️⃣ WAF Rules","F0295","F0300","318","323","6"
"security","73","security-level-16-international-compliance-security-f0301-f0302","🔐 LEVEL 16 — INTERNATIONAL COMPLIANCE SECURITY","F0301","F0302","326","327","2"
"security","74","security-4-gdpr-ready-europe-f0303-f0306","4️⃣ GDPR Ready (Europe)","F0303","F0306","328","331","4"
"security","75","security-5-data-encryption-strategy-f0307-f0310","5️⃣ Data Encryption Strategy","F0307","F0310","332","335","4"
"security","76","security-6-data-localization-planning-f0311-f0315","6️⃣ Data Localization Planning","F0311","F0315","336","340","5"
"security","77","security-level-17-advanced-ai-fraud-defense-f0316-f0316","🤖 LEVEL 17 — ADVANCED AI FRAUD DEFENSE","F0316","F0316","343","343","1"
"security","78","security-7-global-risk-score-engine-f0317-f0323","7️⃣ Global Risk Score Engine","F0317","F0323","344","350","7"
"security","79","security-8-impossible-travel-detection-f0324-f0328","8️⃣ Impossible Travel Detection","F0324","F0328","351","355","5"
"security","80","security-9-behavioral-biometrics-f0329-f0332","9️⃣ Behavioral Biometrics","F0329","F0332","356","359","4"
"security","81","security-level-18-payment-security-critical-f0333-f0338","🏦 LEVEL 18 — PAYMENT SECURITY (CRITICAL)","F0333","F0338","362","367","6"
"security","82","security-1-1-secure-payment-gateway-f0339-f0342","1️⃣1️⃣ Secure Payment Gateway","F0339","F0342","368","371","4"
"security","83","security-level-19-global-infrastructure-hardening-f0343-f0343","🌎 LEVEL 19 — GLOBAL INFRASTRUCTURE HARDENING","F0343","F0343","374","374","1"
"security","84","security-1-2-multi-region-hosting-f0344-f0347","1️⃣2️⃣ Multi-Region Hosting","F0344","F0347","375","378","4"
"security","85","security-1-3-zero-trust-architecture-f0348-f0352","1️⃣3️⃣ Zero Trust Architecture","F0348","F0352","379","383","5"
"security","86","security-1-4-api-security-shield-f0353-f0356","1️⃣4️⃣ API Security Shield","F0353","F0356","384","387","4"
"security","87","security-level-20-enterprise-monitoring-f0357-f0357","🛡 LEVEL 20 — ENTERPRISE MONITORING","F0357","F0357","390","390","1"
"security","88","security-1-5-centralized-logging-f0358-f0363","1️⃣5️⃣ Centralized Logging","F0358","F0363","391","396","6"
"security","89","security-1-6-siem-style-monitoring-basic-free-version-f0364-f0368","1️⃣6️⃣ SIEM-style Monitoring (Basic Free Version)","F0364","F0368","397","401","5"
"security","90","security-level-21-ai-autonomous-defense-f0369-f0369","🧠 LEVEL 21 — AI AUTONOMOUS DEFENSE","F0369","F0369","404","404","1"
"security","91","security-1-7-self-learning-risk-engine-f0370-f0372","1️⃣7️⃣ Self-Learning Risk Engine","F0370","F0372","405","407","3"
"security","92","security-1-8-auto-ban-engine-f0373-f0378","1️⃣8️⃣ Auto Ban Engine","F0373","F0378","408","413","6"
"security","93","security-level-22-data-protection-legal-safety-f0379-f0379","🔒 LEVEL 22 — DATA PROTECTION + LEGAL SAFETY","F0379","F0379","416","416","1"
"security","94","security-1-9-data-retention-policy-f0380-f0382","1️⃣9️⃣ Data Retention Policy","F0380","F0382","417","419","3"
"security","95","security-2-0-admin-audit-trail-f0383-f0387","2️⃣0️⃣ Admin Audit Trail","F0383","F0387","420","424","5"
"security","96","security-final-international-security-stack-f0388-f0400","🚀 FINAL INTERNATIONAL SECURITY STACK","F0388","F0400","426","438","13"
"security","97","security-1-international-security-architecture-diagram-f0401-f0401","1️⃣ International Security Architecture diagram","F0401","F0401","441","441","1"
"security","98","security-2-gdpr-implementation-guide-f0402-f0402","2️⃣ GDPR implementation guide","F0402","F0402","442","442","1"
"security","99","security-3-ai-global-risk-engine-coding-f0403-f0403","3️⃣ AI Global Risk Engine coding","F0403","F0403","443","443","1"
"security","100","security-4-enterprise-level-backend-structure-f0404-f0404","4️⃣ Enterprise level backend structure","F0404","F0404","444","444","1"
"security","101","security-5-complete-production-deployment-plan-f0405-f0405","5️⃣ Complete production deployment plan","F0405","F0405","445","445","1"
"security","102","security-existing-22-level-review-short-audit-f0406-f0416","✅ EXISTING 22 LEVEL REVIEW (Short Audit)","F0406","F0416","448","458","11"
"security","103","security-level-23-supply-chain-security-critical-f0417-f0417","🚨 LEVEL 23 — SUPPLY CHAIN SECURITY (CRITICAL)","F0417","F0417","461","461","1"
"security","104","security-1-dependency-vulnerability-scanning-f0418-f0424","1️⃣ Dependency Vulnerability Scanning","F0418","F0424","462","468","7"
"security","105","security-2-lock-file-integrity-f0425-f0427","2️⃣ Lock File Integrity","F0425","F0427","469","471","3"
"security","106","security-3-ci-cd-security-f0428-f0431","3️⃣ CI/CD Security","F0428","F0431","472","475","4"
"security","107","security-level-24-secret-management-hardening-f0432-f0432","🛡 LEVEL 24 — SECRET MANAGEMENT HARDENING","F0432","F0432","478","478","1"
"security","108","security-4-env-protection-f0433-f0438","4️⃣ .env Protection","F0433","F0438","479","484","6"
"security","109","security-5-key-rotation-system-f0439-f0444","5️⃣ Key Rotation System","F0439","F0444","485","490","6"
"security","110","security-level-25-advanced-network-defense-f0445-f0445","🌍 LEVEL 25 — ADVANCED NETWORK DEFENSE","F0445","F0445","493","493","1"
"security","111","security-6-ip-reputation-filtering-f0446-f0450","6️⃣ IP Reputation Filtering","F0446","F0450","494","498","5"
"security","112","security-7-geo-risk-engine-f0451-f0453","7️⃣ Geo-Risk Engine","F0451","F0453","499","501","3"
"security","113","security-level-26-ai-security-expansion-f0454-f0454","🤖 LEVEL 26 — AI SECURITY EXPANSION","F0454","F0454","504","504","1"
"security","114","security-8-fake-account-detection-ai-f0455-f0459","8️⃣ Fake Account Detection AI","F0455","F0459","505","509","5"
"security","115","security-9-driver-fraud-detection-f0460-f0464","9️⃣ Driver Fraud Detection","F0460","F0464","510","514","5"
"security","116","security-level-27-admin-security-hardening-f0465-f0472","🏢 LEVEL 27 — ADMIN SECURITY HARDENING","F0465","F0472","517","524","8"
"security","117","security-1-1-admin-device-whitelisting-f0473-f0474","1️⃣1️⃣ Admin Device Whitelisting","F0473","F0474","525","526","2"
"security","118","security-level-28-financial-fraud-layer-f0475-f0475","💳 LEVEL 28 — FINANCIAL FRAUD LAYER","F0475","F0475","529","529","1"
"security","119","security-1-2-refund-abuse-detection-f0476-f0478","1️⃣2️⃣ Refund Abuse Detection","F0476","F0478","530","532","3"
"security","120","security-1-3-velocity-checks-f0479-f0480","1️⃣3️⃣ Velocity Checks","F0479","F0480","533","534","2"
"security","121","security-level-29-incident-response-plan-f0481-f0481","🔍 LEVEL 29 — INCIDENT RESPONSE PLAN","F0481","F0481","537","537","1"
"security","122","security-1-4-breach-protocol-f0482-f0486","1️⃣4️⃣ Breach Protocol","F0482","F0486","538","542","5"
"security","123","security-1-5-backup-strategy-f0487-f0491","1️⃣5️⃣ Backup Strategy","F0487","F0491","543","547","5"
"security","124","security-level-30-production-hardening-f0492-f0492","🧠 LEVEL 30 — PRODUCTION HARDENING","F0492","F0492","550","550","1"
"security","125","security-1-6-rate-limit-at-api-reverse-proxy-f0493-f0494","1️⃣6️⃣ Rate Limit at API + Reverse Proxy","F0493","F0494","551","552","2"
"security","126","security-1-7-security-headers-f0495-f0499","1️⃣7️⃣ Security Headers","F0495","F0499","553","557","5"
"security","127","security-1-8-content-security-policy-csp-strict-mode-f0500-f0500","1️⃣8️⃣ Content Security Policy (CSP strict mode)","F0500","F0500","558","558","1"
"security","128","security-1-9-cors-strict-policy-f0501-f0502","1️⃣9️⃣ CORS strict policy","F0501","F0502","559","560","2"
"security","129","security-2-0-health-monitoring-alerting-f0503-f0504","2️⃣0️⃣ Health Monitoring + Alerting","F0503","F0504","561","562","2"
"security","130","security-enterprise-ready-f0505-f0509","✔ Enterprise Ready","F0505","F0509","565","569","5"
"security","131","security-iso-27001-readiness-checklist-bana-sakta-hoon-f0510-f0512","🔐 ISO 27001 readiness checklist bana sakta hoon","F0510","F0512","572","574","3"
"security","132","security-privacy-policy-draft-gdpr-ready-f0513-f0515","📄 Privacy Policy draft (GDPR ready)","F0513","F0515","577","579","3"
"security","133","security-1-executive-security-overview-f0516-f0523","1. Executive Security Overview","F0516","F0523","582","589","8"
"security","134","security-2-iso-27001-detailed-readiness-plan-f0524-f0535","2. ISO 27001 Detailed Readiness Plan","F0524","F0535","592","603","12"
"security","135","security-3-gdpr-compliance-framework-f0536-f0544","3. GDPR Compliance Framework","F0536","F0544","606","614","9"
"security","136","security-4-soc2-trust-criteria-roadmap-f0545-f0551","4. SOC2 Trust Criteria Roadmap","F0545","F0551","617","623","7"
"security","137","security-5-ai-driven-security-enhancements-f0552-f0558","5. AI-Driven Security Enhancements","F0552","F0558","626","632","7"
"security","138","security-6-incident-response-disaster-recovery-f0559-f0565","6. Incident Response & Disaster Recovery","F0559","F0565","635","641","7"
"security","139","security-7-risk-assessment-template-operational-use-f0566-f0577","7. Risk Assessment Template (Operational Use)","F0566","F0577","644","655","12"
"security","140","security-8-investor-security-assurance-summary-f0578-f0584","8. Investor Security Assurance Summary","F0578","F0584","658","664","7"
